ID,1957,1958,1959,1960,1961,1962,1963,1964,1965,1966,1967,1968,1969,1970,1971,1972,Data Source,Metric,Technology Name,Spatial Scale,Country Name,Country Code,Unit
Methanol_Price_World,4.173416407,3.713242961,3.809081527,3.680981595,3.633673469,3.481064483,3.512794268,2.925051335,3.193711968,3.235119048,3.041788144,2.549038462,2.525918944,2.59403255,1.702493551,1.215242881,PCDB,Price,Methanol,Global,World,World,1966 USD/lb
Methanol_Annual production_World,229.4,214.5,265.3,296.5,307.7,336.1,352.0,396.9,432.7,493.0,517.7,575.8,634.4,743.8,746.6,976.1,PCDB,Annual production,Methanol,Global,World,World,million pounds
